epoch,train_total_loss,train_hard_loss,train_kd_loss,train_accuracy,val_total_loss,val_hard_loss,val_kd_loss,val_accuracy,sparsity,learning_rate,epoch_time_seconds
1,0.14449485567940606,0.23915376577907138,0.10392674913340144,98.14666666666666,0.1496957917571068,0.2786681392192841,0.09442192640304566,94.34,46.98069355032876,0.001,48.99356338399957
2,0.06096368469264772,0.12638961151573394,0.03292400023208724,99.3,0.13194577859640122,0.2513245849609375,0.08078343033790589,94.68,47.04084034613025,0.001,47.6979198629997
3,0.05241468454665608,0.10925563254621294,0.028054276878966226,99.43333333333334,0.13231354649960994,0.24877264575958252,0.08240250029563904,94.88,47.08079788240285,0.001,47.634835462999945
4,0.0492433856315083,0.10385004986127218,0.02584052826695972,99.4888888888889,0.13142569558322428,0.2455472514629364,0.08251645541191101,94.8,47.11124299914585,0.001,47.80801804099974
5,0.048485989981227454,0.10281201961835225,0.025203404495782324,99.50222222222222,0.12843191998600959,0.24166156487464904,0.07990492615699768,94.96,47.13549877323825,0.001,47.69703905699953
6,0.04693078607188331,0.10083874677552117,0.023827372785409293,99.53555555555556,0.12943498688340188,0.2449184792280197,0.07994205751419067,94.8,47.157148036894576,0.001,47.609242593999625
7,0.04489280387825436,0.09814233793152703,0.022071573672691983,99.58888888888889,0.1301034962505102,0.24442531878948212,0.08110842752456665,94.92,47.17738208182615,0.001,47.58814922200054
8,0.04468621344168981,0.09773151021268632,0.021952513429522515,99.60222222222222,0.12972065821588039,0.2430857357978821,0.0811356231212616,95.12,47.19941649994554,0.001,47.537734533999355
9,0.04535090682241652,0.09876420132848951,0.02245949354271094,99.56,0.1290190209954977,0.2415951664209366,0.08077209815979004,94.96,47.22061790957505,0.001,47.62419230500018
10,0.0428531153553062,0.09586993724107742,0.02013161895573139,99.62666666666667,0.12711359892189503,0.2362441311597824,0.08034336967468261,95.1,47.23520899376874,0.001,47.704680405000545
11,0.04315397234890196,0.09695206275780996,0.02009764655530453,99.59777777777778,0.12744993999302387,0.2396306988477707,0.07937247037887574,94.9,47.24940596641883,0.001,47.714655540999956
12,0.04192238032023112,0.09473919709391064,0.019286600263913472,99.68222222222222,0.1276641941845417,0.23863314509391784,0.08010606875419617,95.12,47.25641936047878,0.001,47.73484078799993
13,0.042533741230434845,0.09560898201995426,0.019787208191884887,99.63555555555556,0.12724068500995636,0.23895645182132721,0.07936249785423279,95.16,47.27622346554462,0.001,47.68716265399962
14,0.04195109908348984,0.09467438201374478,0.01935540504505237,99.65333333333334,0.126980536749959,0.23994924563169479,0.0785653739452362,94.98,47.288163253899555,0.001,47.71756638599982
15,0.04231958288086785,0.09542656014362971,0.01955944830543465,99.62,0.12364020147919655,0.23822472248077392,0.07453254628181458,94.98,47.29968205946928,0.001,47.681658024999706
16,0.04097443538109462,0.09374620285166635,0.01835796213216252,99.7088888888889,0.12388376154899597,0.23756435611248017,0.07516350560188294,95.06,47.31716628067621,0.001,47.817657489999874
17,0.041688772367106545,0.09456971648534139,0.01902550926340951,99.64666666666666,0.1308841354906559,0.24704834978580476,0.08109946799278259,94.92,47.32602483332665,0.001,47.75852124999983
18,0.04163026457097795,0.09459278088145785,0.01893204184240765,99.6511111111111,0.13079670643508434,0.24550585873126984,0.08163563814163208,94.9,47.341126471110904,0.001,47.776473998000256
19,0.04033317032721308,0.09273381564352247,0.017875749317473835,99.71333333333334,0.13103527832627296,0.24510547485351564,0.0821480481147766,94.74,47.35092551721766,0.001,47.76361579299919
20,0.04084026423427794,0.0937668334139718,0.018157447422875297,99.6511111111111,0.1257047683686018,0.23830039772987366,0.07744949655532837,95.2,47.36499709074024,0.001,47.68610850300047
21,0.039725139968262775,0.092820131805208,0.01697014205886258,99.69555555555556,0.12129972152709961,0.23460399203300475,0.072740744972229,95.34,47.3709266780553,0.001,47.684352530999604
22,0.03961176882849799,0.09268638990455204,0.01686550137201945,99.71333333333334,0.12795044811964035,0.24067071019411088,0.07964176206588745,95.02,47.37749221808843,0.001,47.69502319100047
23,0.04049012217256758,0.09383669090535905,0.01762730571909083,99.68444444444444,0.12509523056149482,0.235901706469059,0.07760673847198486,95.06,47.38925286483264,0.001,47.7449824739997
24,0.039225549051496715,0.0917982869082027,0.016694374206993316,99.74,0.1282850817501545,0.24084163790941238,0.0800465548992157,95.22,47.39617668808722,0.001,47.78476460499951
25,0.03871832180155648,0.09129200352032979,0.016186742498146164,99.75777777777778,0.12008500370681285,0.23029236886501311,0.072853271484375,95.2,47.40780297862339,0.001,47.80881831000079
26,0.03853848212692473,0.09159248340262308,0.015801051579581366,99.73777777777778,0.12493233707845211,0.2370150521039963,0.07689688487052918,95.12,47.41601662147521,0.001,47.791526166999574
27,0.038664992854330275,0.09121859180927276,0.016142020601034163,99.74888888888889,0.12499976936578751,0.2379894745826721,0.07657560691833495,95.24,47.427804139461024,0.001,47.72402746100033
28,0.03943170440859265,0.09248555641439225,0.01669433792995082,99.7088888888889,0.12637270405888557,0.2373930902481079,0.07879253644943238,95.12,47.4367701770779,0.001,47.71080575200085
29,0.03909742276536094,0.09132713851531346,0.01671325754539834,99.74444444444444,0.12767094724476338,0.24313875215053557,0.07818474159240722,94.96,47.44312074717816,0.001,47.78050537600029
30,0.03907393163508839,0.0920929204556677,0.016351506451103424,99.72666666666667,0.12254480190873146,0.23473217560052873,0.07446449708938599,95.18,47.45548151831831,0.001,47.88641387400003
31,0.03818983795311716,0.09077345976961984,0.01565399869746632,99.77555555555556,0.1226864246994257,0.23398823292255402,0.07498564562797547,95.38,47.46559406224383,0.001,47.78608981399975
32,0.03887126657830344,0.09187342567973666,0.016156054126885203,99.71555555555555,0.1306835621803999,0.2469344441175461,0.08086175465583802,94.9,47.47481089811572,0.001,47.75012393799989
33,0.03841127132574717,0.09136608094639248,0.015716351525816654,99.75555555555556,0.12126947962641715,0.2328431841135025,0.07345217418670655,95.18,47.48151975143743,0.001,47.7705762530004
34,0.0377350289384524,0.09035646615028381,0.015182982921848694,99.79555555555555,0.12313300481438637,0.23706134201288223,0.07430657162666321,95.26,47.49646016177204,0.001,47.738403499000015
35,0.03753291988505258,0.08977291342814764,0.0151443498407801,99.79555555555555,0.12136314359605313,0.23536440131664277,0.07250545935630798,95.32,47.49672887418813,0.0005,47.79678214900014
36,0.03706652961174647,0.08983669772148133,0.014450741741475133,99.78888888888889,0.1198942969083786,0.23031098952293397,0.0725728533744812,95.06,47.50102827284557,0.0005,47.79686502000004
37,0.03591088529825211,0.08828636266390483,0.01346425073908435,99.84,0.1217370669990778,0.23476144983768463,0.07329804482460021,95.36,47.50384079613398,0.0005,47.76421745300013
38,0.037263039224677615,0.09009021547502942,0.014622819391720825,99.77111111111111,0.12017898093163967,0.23572113740444184,0.07066091094017028,95.4,47.505058959086924,0.0005,47.62603880000006
39,0.036546749251418646,0.08919518647061454,0.013983131806717978,99.80444444444444,0.12320408555567265,0.23645707627534868,0.07466708488464356,95.38,47.508883632475936,0.0005,47.63947633599946
40,0.0362542335735427,0.08882860950628917,0.013722356823417875,99.81333333333333,0.12059790914058685,0.23052483818531036,0.07348636469841004,95.48,47.513290516099815,0.0005,47.62538412600043
41,0.035916361085573834,0.08839024340841506,0.013427552916606267,99.84222222222222,0.12308100290000439,0.23592519603967665,0.07471920275688171,95.02,47.51618365311305,0.0005,47.76663151499997
42,0.036068049528532556,0.08889067607853147,0.013429779449767537,99.82222222222222,0.12320789233446121,0.23523930274248123,0.07519442896842957,95.2,47.518279609958554,0.0005,47.78237486300077
43,0.03553752296467622,0.08820389584832722,0.012966219001842869,99.82222222222222,0.11936662032604217,0.2320444482088089,0.07107611937522888,95.52,47.5214952018711,0.0005,47.73811765800019
44,0.03577465212742487,0.0882577279832628,0.013281903992924426,99.83555555555556,0.12092373201549053,0.22946618444919586,0.07440553765296937,95.3,47.520617407978534,0.0005,47.809474413000316
45,0.03563283533387714,0.08840667629374398,0.013015473620759116,99.82444444444444,0.11960840899348259,0.23231346418857574,0.07130624098777771,95.24,47.526735093984854,0.0005,47.777555411999856
46,0.03630567629271084,0.08906226876311832,0.013695706617335478,99.7911111111111,0.120744571980834,0.2327786854982376,0.07272994623184204,95.48,47.52969093056185,0.0005,47.64419394300057
47,0.03686880914767583,0.08911824342674679,0.014476193168097073,99.80222222222223,0.1220330259770155,0.2353865353345871,0.07345294799804687,95.36,47.528051784823695,0.0005,47.542702404999545
48,0.03640035467346509,0.08959904033740361,0.013600916503866514,99.80666666666667,0.1201754706799984,0.23153131330013274,0.07245153675079345,95.34,47.53143756126643,0.0005,47.635950707999655
49,0.03587192255126105,0.08826137475172678,0.013419298860761854,99.82,0.12032166069746017,0.2356469880580902,0.0708965172290802,95.18,47.536140028548004,0.0005,47.617654190000394
50,0.035723770674069726,0.08810590521759457,0.01327428291009532,99.82666666666667,0.12256708350479603,0.23689309306144715,0.073570219373703,95.34,47.53836138452102,0.0005,47.73695901100018
51,0.036310719314548705,0.08926094256374571,0.013617765087385972,99.78888888888889,0.11849846177697182,0.2338454832315445,0.06906402087211609,95.2,47.5423741566013,0.0005,47.775421246000406
52,0.035953838233153027,0.08869594817161561,0.013350075436631838,99.84222222222222,0.11871048262715339,0.23213630553483963,0.0700994131565094,95.2,47.545724104721884,0.0005,47.822332126999754
53,0.03508299490213394,0.08745325821373198,0.01263859491844972,99.86444444444444,0.11924900672733783,0.23194861805438996,0.07094917030334473,95.4,47.54584054676886,0.0005,47.65231954999945
54,0.03538189571566052,0.08803980459107293,0.01281421923438708,99.84222222222222,0.1199615411221981,0.23538450397253036,0.07049455394744873,95.42,47.54987123301021,0.0005,47.6321875779995
55,0.035540991575188106,0.08792266540792253,0.013091701333555911,99.84444444444445,0.12190172234475613,0.23285104053020478,0.07435201067924499,95.56,47.55794156257345,0.0005,47.746320587999435
56,0.03538706264164713,0.088119100578626,0.012787616423269112,99.82666666666667,0.12135081812739372,0.23327510797977447,0.07338326344490051,95.26,47.557431008982874,0.0005,47.70067321299939
57,0.035240750996602906,0.08780820852915446,0.012711839124974277,99.85111111111111,0.12126590832471848,0.23740060564279555,0.0714938931941986,95.42,47.55805800462042,0.0005,47.753149898999254
58,0.03568383227123154,0.08813185481097963,0.013206106980310547,99.82888888888888,0.11825808368325233,0.23212573121786118,0.06945765886306762,95.42,47.56360243747241,0.0005,47.66116850100025
59,0.03512447873585754,0.08800755180915197,0.012460303104917208,99.84444444444445,0.12020192865431309,0.23136686094999315,0.07255981116294861,95.38,47.56558195227094,0.0005,47.71078491899971
60,0.03500677761336168,0.08747015189859603,0.012522472969442606,99.84222222222222,0.1185561655253172,0.23127615571022034,0.070247594499588,95.52,47.566020849217225,0.0005,47.73883546399975
61,0.03582325646215015,0.08877747729089525,0.013128588857915666,99.80666666666667,0.11929716755747795,0.23333145773410796,0.07042532463073731,95.28,47.573732895559004,0.0005,47.77387320100024
62,0.035945263033443024,0.08886225944625006,0.013266548770997259,99.82666666666667,0.11701637690067292,0.22901042672395705,0.06901892490386963,95.48,47.57358958227043,0.0005,47.619838093
63,0.034619607601563136,0.08698065430853102,0.012179157623317506,99.87777777777778,0.11822234584093094,0.23312368183135987,0.06897891254425048,95.3,47.57553326874681,0.0005,47.541293924000456
64,0.035093559073077304,0.0877315987388293,0.012534397803412544,99.82888888888888,0.12101784018874169,0.23381564950942993,0.07267591724395751,95.34,47.578121865021814,0.0005,47.69641423899975
65,0.03534245882564121,0.0879578100906478,0.012793021303415298,99.83333333333333,0.1159276362925768,0.22970495142936706,0.06716592669487,95.56,47.58033426391429,0.0005,47.77895547600019
66,0.03479912282956971,0.08712160973416434,0.012375198576351007,99.86,0.1178879685729742,0.23000549241304397,0.0698375979423523,95.44,47.582107765860485,0.0005,47.78973611999936
67,0.034703969874646926,0.08682936505476634,0.012364513217078314,99.87777777777778,0.11793820296525956,0.2290844820857048,0.07030408005714417,95.28,47.5861294950213,0.0005,47.73825257200042
68,0.03508019698295328,0.08777106082174513,0.012498396714031697,99.83333333333333,0.12044735517799854,0.23212647691965102,0.07258487162590027,95.4,47.59025870914855,0.0005,47.72871983500045
69,0.03467259239951769,0.08738547427521812,0.012081355889969402,99.8488888888889,0.11989503755867481,0.23610551537275315,0.07009054355621337,95.2,47.59299061871213,0.0005,47.58010951799952
70,0.03465386924677425,0.08746956727769639,0.012018568568593926,99.84444444444445,0.12067420102357865,0.23433082790374757,0.071964213180542,95.28,47.59471037817511,0.0005,47.53439228899879
71,0.035577442131439846,0.08847447056770325,0.012907285605867704,99.82222222222222,0.12003854542970657,0.23380187529325486,0.07128283076286315,95.16,47.59738854525547,0.0005,47.608044761998826
72,0.03494687771002451,0.0875473099761539,0.01240383388267623,99.84222222222222,0.11953025999069214,0.23479368574619294,0.0701316463470459,95.28,47.597881184684965,0.0005,47.69789135700012
73,0.03513223257925775,0.0877735685189565,0.012571658733983835,99.84222222222222,0.12073795515596866,0.2351326670885086,0.07171164679527282,95.28,47.60271800817459,0.0005,47.70582801799901
74,0.035047769689559936,0.08804456568691466,0.012334855731328328,99.84666666666666,0.12097341430187225,0.235651962018013,0.07182546319961548,95.3,47.60257469488601,0.0005,47.69665545800126
75,0.03482628518342972,0.08754476769632763,0.012232648415035671,99.86,0.1190809001326561,0.23425078842639924,0.06972237300872802,95.26,47.60581715804016,0.00025,47.65523366399975
